Preferred Label,count
mitochondrial disease,490
Leigh syndrome,384
complex neurodevelopmental disorder,283
dilated cardiomyopathy,214
hypertrophic cardiomyopathy,162
nonsyndromic genetic hearing loss,140
monogenic diabetes,124
genetic developmental and epileptic encephalopathy,120
autosomal recessive limb-girdle muscular dystrophy,117
ciliopathy,112
Charcot-Marie-Tooth disease,108
Noonan syndrome,95
syndromic intellectual disability,75
inherited retinal dystrophy,74
peroxisome biogenesis disorder,74
arrhythmogenic right ventricular cardiomyopathy,71
catecholaminergic polymorphic ventricular tachycardia,65
amyotrophic lateral sclerosis type 10,65
lipodystrophy,63
long QT syndrome,62
Bernard-Soulier syndrome,53
progressive myoclonus epilepsy,52
collagen 6-related myopathy,49
neuronal ceroid lipofuscinosis,46
hereditary pheochromocytoma-paraganglioma,42
multiple acyl-CoA dehydrogenase deficiency,38
bilateral frontoparietal polymicrogyria,38
HAVCR2-related cancer predisposition,37
amyotrophic lateral sclerosis type 12,36
alpha-actinopathy,36
X-linked syndromic intellectual disability,35
cardiofaciocutaneous syndrome,34
Alport syndrome,34
Schuurs-Hoeijmakers syndrome,33
amyotrophic lateral sclerosis type 15,33
pulmonary arterial hypertension,33
AP-4 deficiency syndrome,32
tubular aggregate myopathy,31
"neurodevelopmental disorder with spasticity, cataracts, and cerebellar hypoplasia",30
amyotrophic lateral sclerosis,30
hereditary spastic paraplegia,29
MAK-related retinopathy,29
primary ciliary dyskinesia 15,28
glycine encephalopathy,26
TTN-related myopathy,26
epilepsy,26
Noonan syndrome with multiple lentigines,25
neurometabolic disorder due to serine deficiency,25
glycogen storage disease VI,25
Parkinson disease,25
centronuclear myopathy,25
combined malonic and methylmalonic acidemia,25
autosomal dominant polycystic kidney disease,24
systemic lupus erythematosus related to C1QA,24
hemochromatosis type 3,24
Perrault syndrome,24
congenital fibrinogen deficiency,24
autosomal recessive polycystic kidney disease,24
Cornelia de Lange syndrome,23
syndromic complex neurodevelopmental disorder,23
generalized epilepsy with febrile seizures plus,23
Charcot-Marie-Tooth disease axonal type 2T,23
"myopathy, proximal, and ophthalmoplegia",23
mismatch repair cancer syndrome 1,23
X-linked complex neurodevelopmental disorder,23
isobutyryl-CoA dehydrogenase deficiency,22
Noonan syndrome-like disorder with loose anagen hair,22
obsolete hereditary ATTR amyloidosis,22
Bietti crystalline corneoretinal dystrophy,22
H syndrome,22
primary ciliary dyskinesia,22
autosomal recessive osteopetrosis 8,22
Joubert syndrome 17,21
adult neuronal ceroid lipofuscinosis,21
MHC class II deficiency,21
hemochromatosis type 1,20
Knobloch syndrome 1,20
platelet-type von Willebrand disease,20
glycogen storage disorder due to hepatic glycogen synthase deficiency,20
"Ehlers-Danlos syndrome, classic type",20
congenital microcephaly - severe encephalopathy - progressive cerebral atrophy syndrome,20
pancytopenia due to IKZF1 mutations,20
Pelizeaus-Merzbacher spectrum disorder,20
neurodevelopmental disorder with cerebellar atrophy and motor dysfunction,20
intellectual disability,19
neuromuscular disease,19
MED12-related intellectual disability syndrome,19
cerebellar ataxia with neuropathy and bilateral vestibular areflexia syndrome,19
brain dopamine-serotonin vesicular transport disease,19
alanine glyoxylate aminotransferase deficiency,19
multiple epiphyseal dysplasia,19
TPM3-related myopathy,19
sitosterolemia,19
acrodermatitis enteropathica,19
carnitine-acylcarnitine translocase deficiency,19
Lafora disease,18
myopathy caused by variation in GMPPB,18
RFT1-congenital disorder of glycosylation,18
platelet-type bleeding disorder 16,18
hereditary antithrombin deficiency,18
hereditary sclerosing poikiloderma with tendon and pulmonary involvement,18
SELENON-related myopathy,18
primary ciliary dyskinesia 7,17
Sorsby fundus dystrophy,17
non-syndromic X-linked intellectual disability,17
hereditary thrombophilia due to congenital protein C deficiency,17
nemaline myopathy 8,17
hyperphosphatasia with intellectual disability syndrome 1,17
"ciliary dyskinesia, primary, 40",17
primary ciliary dyskinesia 11,17
spermatogenic failure,16
primary ciliary dyskinesia 28,16
Costello syndrome,16
hemochromatosis type 2A,16
familial Mediterranean fever,16
carbamoyl phosphate synthetase I deficiency disease,16
Stormorken syndrome,16
hyper-IgM syndrome type 2,16
B3GALT6-congenital disorder of glycosylation,16
acute myeloid leukemia,16
propionic acidemia,16
methylcobalamin deficiency type cblG,16
primary coenzyme Q10 deficiency 8,16
MYH7-related skeletal myopathy,16
familial hemiplegic migraine,16
hereditary spastic paraplegia 18,16
Schwartz-Jampel syndrome type 1,15
2-methylbutyryl-CoA dehydrogenase deficiency,15
myopathy caused by variation in POMT1,15
Bailey-Bloch congenital myopathy,15
dyskinesia with orofacial involvement,15
intrinsic cardiomyopathy,15
mucopolysaccharidosis-plus syndrome,15
"hypercholesterolemia, autosomal dominant, 3",15
optic atrophy 9,15
choroideremia,15
congenital myasthenic syndrome 8,15
hyperphosphatasia with intellectual disability syndrome 4,15
Fabry disease,15
"myoglobinuria, acute recurrent, autosomal recessive",15
3-methylcrotonyl-CoA carboxylase deficiency,15
galactose epimerase deficiency,15
atypical hemolytic-uremic syndrome,15
Brown-Vialetto-van Laere syndrome 2,15
P5CS deficiency,15
gastrointestinal stromal tumor,15
MAN1B1-congenital disorder of glycosylation,15
recombinase activating gene 1 deficiency,14
isovaleric acidemia,14
undetermined early-onset epileptic encephalopathy,14
intellectual disability-severe speech delay-mild dysmorphism syndrome,14
Wolfram syndrome,14
primary hyperoxaluria type 3,14
3-methylglutaconic aciduria type 5,14
hypomyelinating leukodystrophy 5,14
congenital dyserythropoietic anemia type 2,14
pulmonary veno-occlusive disease and/or pulmonary capillary haemangiomatosis,14
myofibrillar myopathy,14
ATF6-related retinopathy,14
hyperprolinemia type 1,14
congenital factor XI deficiency,14
Joubert syndrome 14,14
DDX41-related hematologic malignancy predisposition syndrome,14
dihydropteridine reductase deficiency,14
neurodegeneration with brain iron accumulation 4,14
Meier-Gorlin syndrome 7,14
"hypomagnesemia, seizures, and intellectual disability 1",13
RYR1-related myopathy,13
TPM2-related myopathy,13
primary ciliary dyskinesia 5,13
autosomal systemic lupus erythematosus type 16,13
periventricular nodular heterotopia,13
phenylketonuria,13
"spondylometaphyseal dysplasia, Kozlowski type",13
GNPTAB-mucolipidosis,13
Cernunnos-XLF deficiency,13
neurooculocardiogenitourinary syndrome,13
PLEC-related muscular dystrophy-epidermolysis bullosa simplex spectrum disorder,13
thrombocytopenia 5,13
familial isolated arrhythmogenic right ventricular dysplasia,13
Coffin-Siris syndrome,13
protein S deficiency,13
autosomal recessive primary microcephaly,13
combined immunodeficiency due to DOCK8 deficiency,13
familial sleep-related hypermotor epilepsy,13
SHORT syndrome,13
glycogen storage disease I,13
X-linked intellectual disability,13
OPA1-related optic atrophy with or without extraocular features,13
myopathy caused by variation in POMT2,13
tyrosine hydroxylase deficiency,13
GATA2 deficiency with susceptibility to MDS/AML,13
immunodeficiency 57,13
polycystic kidney disease 3 with or without polycystic liver disease,13
myopathy caused by variation in POMGNT1,13
inherited pseudoxanthoma elasticum,13
Lynch syndrome,13
Blau syndrome,13
CYP7B1-related disorder of oxysterol accumulation,13
HSD10 mitochondrial disease,13
hereditary spastic paraplegia 11,13
thrombocytopenia-absent radius syndrome,13
ALG11-congenital disorder of glycosylation,12
primary ciliary dyskinesia 29,12
hyperammonemic encephalopathy due to carbonic anhydrase VA deficiency,12
mitochondrial trifunctional protein deficiency,12
classic homocystinuria,12
"vitamin K-dependent clotting factors, combined deficiency of, type 1",12
platelet-type bleeding disorder 15,12
DPAGT1-congenital disorder of glycosylation,12
primary ciliary dyskinesia 25,12
Kaya-Barakat-Masson syndrome,12
TELO2-related intellectual disability-neurodevelopmental disorder,12
galactosemia,12
alpha-methylacyl-CoA racemase deficiency,12
mevalonate kinase deficiency,12
congenital myasthenic syndrome 6,12
"dyskeratosis congenita, autosomal dominant 2",12
SLC26A2-related skeletal dysplasia,12
"pulmonary fibrosis and/or bone marrow failure, Telomere-related, 4",12
leukoencephalopathy with vanishing white matter 3,12
multiple intestinal atresia,12
"immunodeficiency, common variable, 2",12
congenital heart disease,12
non-small cell lung carcinoma,12
Joubert syndrome 30,12
obsolete adult hypophosphatasia,12
"neurodevelopmental disorder with microcephaly, seizures, and cortical atrophy",12
nephrotic syndrome 14,12
apparent mineralocorticoid excess,12
congenital factor XII deficiency,11
glycogen storage disease III,11
combined immunodeficiency due to CD3gamma deficiency,11
PNPLA6-related spastic paraplegia with or without ataxia,11
RDH5-related retinopathy,11
hypermethioninemia with deficiency of S-adenosylhomocysteine hydrolase,11
ornithine translocase deficiency,11
congenital analbuminemia,11
pyruvate dehydrogenase E3 deficiency,11
"hypercholesterolemia, autosomal dominant, type B",11
renal cysts and diabetes syndrome,11
neurofibromatosis type 1,11
hemochromatosis type 2B,11
primary ciliary dyskinesia 3,11
ALS2-related motor neuron disease,11
Loeys-Dietz syndrome 2,11
inclusion body myopathy with Paget disease of bone and frontotemporal dementia,11
obsolete early infantile epileptic encephalopathy,11
adenosine kinase deficiency,11
megalencephalic leukoencephalopathy with subcortical cysts 2A,11
mucopolysaccharidosis type 1,11
immunodeficiency-centromeric instability-facial anomalies syndrome 1,11
myofibrillar myopathy 8,11
platelet-type bleeding disorder 18,11
cystathioninuria,11
"alacrima, achalasia, and intellectual disability syndrome",11
"hyper-IgE recurrent infection syndrome 3, autosomal recessive",11
Chudley-McCullough syndrome,11
optic atrophy 12,11
hereditary spastic paraplegia 62,11
renal tubular dysgenesis of genetic origin,11
GTP cyclohydrolase I deficiency,11
Marinesco-Sjogren syndrome,11
methionine adenosyltransferase deficiency,11
PRPS1 deficiency disorder,11
distal hereditary motor neuropathy,11
pterin-4 alpha-carbinolamine dehydratase 1 deficiency,11
T-B+ severe combined immunodeficiency due to JAK3 deficiency,11
Charcot-Marie-Tooth disease axonal type 2F,11
gray platelet syndrome,11
Charcot-Marie-Tooth disease dominant intermediate E,11
congenital amegakaryocytic thrombocytopenia,11
myopathy with abnormal lipid metabolism,11
citrin deficiency,11
RCBTB1-related retinopathy,11
arginase deficiency,11
Brown-Vialetto-van Laere syndrome 1,11
recombinase activating gene 2 deficiency,11
inherited prekallikrein deficiency,10
glycogen storage disease V,10
Catel-Manzke syndrome,10
trichohepatoenteric syndrome 1,10
tyrosinemia type II,10
congenital disorder of deglycosylation 1,10
cutaneous porphyria,10
alpha-2-plasmin inhibitor deficiency,10
pyridoxine-dependent epilepsy,10
intellectual disability-microcephaly-strabismus-behavioral abnormalities syndrome,10
MPDU1-congenital disorder of glycosylation,10
DPM3-congenital disorder of glycosylation,10
"hypercalcemia, infantile, 2",10
ghosal hematodiaphyseal dysplasia,10
methylmalonic acidemia due to methylmalonyl-CoA epimerase deficiency,10
"muscular dystrophy, limb-girdle, autosomal dominant",10
POLD1-related polyposis and colorectal cancer syndrome,10
Fanconi anemia complementation group I,10
familial hemophagocytic lymphohistiocytosis 5,10
amyotrophic lateral sclerosis type 8,10
Schinzel-Giedion syndrome,10
primary ciliary dyskinesia 1,10
specific language disorder,10
immunodeficiency 104,10
adenylosuccinate lyase deficiency,10
Charcot-Marie-Tooth disease X-linked dominant 1,10
"cerebellar ataxia, intellectual disability, and dysequilibrium",10
Kleefstra syndrome,10
RAB28-related retinopathy,10
creatine transporter deficiency,10
d-bifunctional protein deficiency,10
"SCN4A-related myopathy, autosomal recessive",10
argininosuccinic aciduria,10
intellectual developmental disorder with cardiac defects and dysmorphic facies,10
MPI-congenital disorder of glycosylation,10
immunodeficiency 23,10
"Ehlers-Danlos syndrome, vascular type",10
autosomal recessive severe congenital neutropenia due to G6PC3 deficiency,10
familial adenomatous polyposis 4,10
congenital disorder of glycosylation,10
Bohring-Opitz syndrome,10
multiple symmetric lipomatosis with partial lipodystrophy,10
beta-ketothiolase deficiency,10
PCARE-related retinopathy,10
PALB2-related cancer predisposition,10
CEP290-related ciliopathy,10
"severe combined immunodeficiency, autosomal recessive, T cell-negative, B cell-negative, NK cell-negative, due to adenosine deaminase deficiency",10
renal tubular dysgenesis - ACE,10
hyperinsulinism-hyperammonemia syndrome,10
very long chain acyl-CoA dehydrogenase deficiency,10
nephronophthisis 2,10
progressive familial intrahepatic cholestasis type 3,10
malonic aciduria,10
cartilage-hair hypoplasia,9
DK1-congenital disorder of glycosylation,9
alpha-N-acetylgalactosaminidase deficiency,9
familial meningioma,9
von Willebrand disease type 2B,9
platelet abnormalities with eosinophilia and immune-mediated inflammatory disease,9
aromatic L-amino acid decarboxylase deficiency,9
"anemia, congenital dyserythropoietic, type 1a",9
mucopolysaccharidosis type 4B,9
TRIP11-related skeletal dysplasia,9
immunodeficiency 64,9
microcephalic primordial dwarfism due to RTTN deficiency,9
reticular dysgenesis,9
multiple congenital anomalies-hypotonia-seizures syndrome 3,9
guanidinoacetate methyltransferase deficiency,9
Canavan disease,9
glycosylphosphatidylinositol biosynthesis defect 18,9
ABCA4-related retinopathy,9
"microphthalmia, syndromic 2",9
GNPTG-mucolipidosis,9
DKC1-related disorder,9
variegate porphyria,9
amyotrophic lateral sclerosis type 20,9
MHC class I deficiency,9
"neurodevelopmental disorder with hypotonia, facial dysmorphism, and brain abnormalities",9
neurodegenerative syndrome due to cerebral folate transport deficiency,9
"myopathy, centronuclear, 5",9
"ciliary dyskinesia, primary, 36, X-linked",9
TFRC-related combined immunodeficiency,9
long chain 3-hydroxyacyl-CoA dehydrogenase deficiency,9
Smith-Magenis syndrome,9
"pseudohypoaldosteronism, type IB1, autosomal recessive",9
hereditary fructose intolerance,9
metachromatic leukodystrophy,9
branchio-oto-renal syndrome,9
interstitial lung disease due to ABCA3 deficiency,9
otospondylomegaepiphyseal dysplasia,9
severe combined immunodeficiency due to IKK2 deficiency,9
Hermansky-Pudlak syndrome 2,9
Fanconi anemia complementation group J,9
autosomal dominant medullary cystic kidney disease with or without hyperuricemia,9
MOGS-congenital disorder of glycosylation,9
"neurodevelopmental disorder, nonprogressive, with spasticity and transient opisthotonus",9
familial hemophagocytic lymphohistiocytosis 4,9
ACD-related short telomere syndrome,9
"Niemann-Pick disease, type C1",9
xeroderma pigmentosum group F,9
progressive microcephaly-seizures-cortical blindness-developmental delay syndrome,9
acyl-CoA dehydrogenase 9 deficiency,9
ASAH1-related sphingolipidosis,9
complex cortical dysplasia with other brain malformations,9
trimethylaminuria,9
nephronophthisis 12,9
spermatogenic failure 39,9
THOC6-related developmental delay-microcephaly-facial dysmorphism syndrome,9
hereditary sensory and autonomic neuropathy,9
Pitt-Hopkins syndrome,9
spondyloepiphyseal dysplasia with congenital joint dislocations,9
cranioectodermal dysplasia 1,9
Pfeiffer syndrome type 1,9
SFTPC-related interstitial lung disease,9
autosomal recessive cerebellar ataxia,9
"Ehlers-Danlos syndrome, spondylodysplastic type, 1",9
congenital disorder of glycosylation type 1E,9
"tubulointerstitial kidney disease, autosomal dominant, 2",9
hyperammonemia due to N-acetylglutamate synthase deficiency,9
hypoplasminogenemia,9
"spondyloepiphyseal dysplasia, kondo-fu type",9
hyper-IgM syndrome type 3,9
inborn disorder of cobalamin metabolism and transport,9
mitochondrial short-chain Enoyl-Coa hydratase 1 deficiency,9
DICER1-related tumor predisposition,9
obsolete hyperinsulinism due to short chain 3-hydroxylacyl-CoA dehydrogenase deficiency,9
FOXG1 disorder,9
short chain acyl-CoA dehydrogenase deficiency,9
SNUPN-related muscular dystrophy with or without multi-system involvement,9
autosomal recessive agammaglobulinemia 1,9
Waardenburg syndrome type 4B,9
obsolete Carey-Fineman-Ziter syndrome,9
aminoacylase 1 deficiency,9
3-methylglutaconic aciduria type 1,9
familial hypobetalipoproteinemia 1,9
"developmental and epileptic encephalopathy, 50",9
glycogen storage disease IXc,9
ornithine aminotransferase deficiency,9
NOG-related symphalangism spectrum disorder,9
short-rib thoracic dysplasia 11 with or without polydactyly,9
Keutel syndrome,9
Schimke immuno-osseous dysplasia,8
"Ehlers-Danlos syndrome, musculocontractural type 2",8
atransferrinemia,8
regressive spondylometaphyseal dysplasia,8
immunodeficiency 96,8
developmental delay with variable intellectual impairment and behavioral abnormalities,8
IFT140-related recessive ciliopathy,8
DNA ligase IV deficiency,8
Hermansky-Pudlak syndrome 6,8
EAST syndrome,8
self-limited familial neonatal epilepsy,8
POLR3B-related disorder,8
PMM2-congenital disorder of glycosylation,8
mandibuloacral dysplasia with type B lipodystrophy,8
PGM1-congenital disorder of glycosylation,8
obsolete autosomal dominant hereditary sensory and autonomic neuropathy,8
amyotrophic lateral sclerosis type 18,8
"immunodeficiency 106, susceptibility to viral infections",8
CCDC115-CDG,8
focal segmental glomerulosclerosis,8
PRPF31-related retinopathy,8
"vertebral, cardiac, renal, and limb defects syndrome 2",8
phytanoyl-CoA hydroxylase deficiency,8
glutaric acidemia type 3,8
"deafness with labyrinthine aplasia, microtia, and microdontia",8
KBG syndrome,8
holocarboxylase synthetase deficiency,8
thrombocythemia 2,8
glycosylphosphatidylinositol biosynthesis defect 15,8
PLIN1-related familial partial lipodystrophy,8
acute intermittent porphyria,8
distal myopathy with vocal cord weakness,8
hereditary sensory and autonomic neuropathy type 4,8
TCF12-related craniosynostosis,8
asphyxiating thoracic dystrophy 3,8
"hypercholesterolemia, familial, 4",8
syndromic X-linked intellectual disability Nascimento type,8
arrhythmogenic right ventricular dysplasia 5,8
"hypokalemic alkalosis, familial, with specific renal tubulopathy",8
methylmalonic aciduria due to methylmalonyl-CoA mutase deficiency,8
Bruton-type agammaglobulinemia,8
"epidermolysis bullosa, junctional 7, with interstitial lung disease and nephrotic syndrome",8
acatalasia,8
Bartter disease type 4A,8
microcornea-myopic chorioretinal atrophy,8
"spinocerebellar ataxia, autosomal recessive 28",8
Hermansky-Pudlak syndrome 5,8
"oculocerebrofacial syndrome, Kaufman type",8
"immunodeficiency, common variable, 10",8
carnitine palmitoyl transferase 1A deficiency,8
nephronophthisis 20,8
episodic ataxia type 6,8
atypical hemolytic-uremic syndrome with DGKE deficiency,8
retinal dystrophy-ataxia-pituitary hormone abnormality-hypogonadism syndrome,8
"leukodystrophy, hypomyelinating, 18",8
complex hereditary spastic paraplegia,8
megalencephalic leukoencephalopathy with subcortical cysts 1,8
RDH12-related recessive retinopathy,8
inherited glutathione synthetase deficiency,8
fragile X syndrome,8
"neurodevelopmental disorder with epilepsy, spasticity, and brain atrophy",8
IMPG2-related recessive retinopathy,8
EYS-related retinopathy,8
xanthinuria type II,8
ectodermal dysplasia and immunodeficiency 2,8
"Niemann-Pick disease, type C2",8
immunodeficiency 19,8
alpha thalassemia spectrum,8
"factor XIII, A subunit, deficiency of",8
Tay-Sachs disease AB variant,8
hyperinsulinemic hypoglycemia with polycystic kidney disease,8
"neuropathy, hereditary motor and sensory, type 6B",8
mucopolysaccharidosis type 4A,8
"hypotonia, infantile, with psychomotor retardation and characteristic facies 2",8
hereditary spastic paraplegia 35,8
phosphoribosylpyrophosphate synthetase superactivity,8
autosomal recessive osteopetrosis 3,8
obsolete interstitial lung disease 2,8
primary ciliary dyskinesia 12,8
deficiency of adenosine deaminase 2,8
Desbuquois dysplasia 1,8
galactosemia 4,8
limb-girdle muscular dystrophy,8
immunodeficiency due to CD25 deficiency,8
primary ciliary dyskinesia 21,8
bone marrow failure syndrome 3,8
Allan-Herndon-Dudley syndrome,8
ALG1-congenital disorder of glycosylation,8
"Ehlers-Danlos syndrome, spondylocheirodysplastic type",8
sandestig-stefanova syndrome,7
"spondyloepimetaphyseal dysplasia, Maroteaux type",7
polyglucosan body myopathy type 2,7
acid sphingomyelinase deficiency,7
LAMA5-related multisystemic syndrome,7
combined immunodeficiency due to ZAP70 deficiency,7
lymphoproliferative syndrome 1,7
"methylmalonic acidemia with homocystinuria, type cblJ",7
LAMA2-related muscular dystrophy,7
"neurodegeneration, childhood-onset, with cerebellar atrophy",7
Meier-Gorlin syndrome 4,7
"surfactant metabolism dysfunction, pulmonary, 1",7
cranioectodermal dysplasia 2,7
ADAR-related type 1 interferonopathy,7
leukoencephalopathy with vanishing white matter 4,7
autosomal dominant centronuclear myopathy,7
cystinuria,7
"immunodeficiency, common variable, 3",7
aceruloplasminemia,7
"nephrotic syndrome, type 12",7
galactokinase deficiency,7
demyelinating hereditary motor and sensory neuropathy,7
qualitative platelet defect,7
severe combined immunodeficiency due to DNA-PKcs deficiency,7
leukoencephalopathy with vanishing white matter 1,7
"neurodevelopmental disorder with microcephaly, impaired language, epilepsy, and gait abnormalities",7
"ciliary dyskinesia, primary, 44",7
"neurodevelopmental disorder with hypotonia, neuropathy, and deafness",7
SLC6A3-related dopamine transporter deficiency syndrome,7
leukocyte adhesion deficiency 3,7
autosomal recessive osteopetrosis 5,7
DOCK2 deficiency,7
RNU4ATAC spectrum disorder,7
microcytic anemia with liver iron overload,7
leukoencephalopathy with vanishing white matter 2,7
spondyloepiphyseal dysplasia congenita,7
heparin cofactor 2 deficiency,7
"methylmalonic aciduria, cblA type",7
COG5-congenital disorder of glycosylation,7
HELIOS deficiency,7
metachromatic leukodystrophy due to saposin B deficiency,7
peroxisomal acyl-CoA oxidase deficiency,7
glycogen storage disease II,7
"ciliary dyskinesia, primary, 45",7
Waardenburg syndrome,7
systemic lupus erythematosus,7
primary ciliary dyskinesia 2,7
tyrosinemia type I,7
GM1 gangliosidosis,7
Charcot-Marie-Tooth disease axonal type 2CC,7
"developmental and epileptic encephalopathy, 77",7
lysosomal acid lipase deficiency,7
focal segmental glomerulosclerosis 9,7
nail-patella syndrome,7
anterior segment dysgenesis 8,7
diastrophic dysplasia,7
primary ciliary dyskinesia 23,7
Klippel-Feil anomaly-myopathy-facial dysmorphism syndrome,7
autosomal recessive osteopetrosis 4,7
mosaic variegated aneuploidy syndrome 1,7
congenital amegakaryocytic thrombocytopenia 1,7
CBL-related disorder,7
primary ciliary dyskinesia 33,7
myopathy caused by variation in FKTN,7
nemaline myopathy 7,7
Antley-Bixler syndrome with genital anomalies and disordered steroidogenesis,7
FNIP1-associated syndrome,7
carnitine palmitoyltransferase II deficiency,7
hepatic veno-occlusive disease-immunodeficiency syndrome,7
hyperlysinemia,7
"fetal akinesia, respiratory insufficiency, microcephaly, polymicrogyria, and dysmorphic facies",7
amelocerebrohypohidrotic syndrome,7
autosomal dominant nonsyndromic hearing loss,7
Waardenburg syndrome type 4A,7
giant axonal neuropathy 1,7
Liberfarb syndrome,7
mandibuloacral dysplasia progeroid syndrome,7
Wilms tumor 1,7
craniosynostosis 4,7
Cohen syndrome,7
Hartsfield-Bixler-Demyer syndrome,7
MGAT2-congenital disorder of glycosylation,7
neuromuscular disease caused by qualitative or quantitative defects of alpha-dystroglycan,7
Weiss-Kruszka syndrome,7
tyrosinemia type III,7
3-hydroxyisobutyryl-CoA hydrolase deficiency,7
3-hydroxy-3-methylglutaryl-CoA synthase deficiency,7
"seizures, early-onset, with neurodegeneration and brain calcifications",7
"dyskeratosis congenita, autosomal dominant 3",7
Waardenburg syndrome type 2,7
syndromic X-linked intellectual disability Siderius type,7
achondrogenesis type IB,7
methylmalonic aciduria and homocystinuria type cblC,7
GUCY2D-related recessive retinopathy,7
"cerebellar ataxia, intellectual disability, and dysequilibrium syndrome 1",7
AGAT deficiency,7
Warburg micro syndrome,7
combined immunodeficiency due to MALT1 deficiency,7
GATA1-Related X-Linked Cytopenia,7
hypoparathyroidism-deafness-renal disease syndrome,7
congenital bile acid synthesis defect 6,7
glyceronephosphate O-acyltransferase deficiency,7
"ichthyosiform erythroderma, corneal involvement, and hearing loss",7
immunodeficiency 109 with lymphoproliferation,7
Kufor-Rakeb syndrome,7
retinitis pigmentosa 65,7
psychomotor regression-oculomotor apraxia-movement disorder-nephropathy syndrome,7
Shwachman-Diamond syndrome,7
cerebrotendinous xanthomatosis,7
3-methylglutaconic aciduria type 8,7
Beck-Fahrner syndrome,7
common variable immunodeficiency,7
glutamate pyruvate transaminase 2 deficiency,7
Wilson disease,7
severe combined immunodeficiency due to CARMIL2 deficiency,7
rhabdoid tumor predisposition syndrome 1,7
schneckenbecken dysplasia,6
juvenile polyposis/hereditary hemorrhagic telangiectasia syndrome,6
alkylglycerone-phosphate synthase deficiency,6
Goldberg-Shprintzen syndrome,6
"Stickler syndrome, type 4",6
congenital myopathy,6
aniridia-cerebellar ataxia-intellectual disability syndrome,6
TOR1AIP1-related myopathy,6
congenital disorder of glycosylation type II,6
Alzahrani-Kuwahara syndrome,6
thrombophilia due to activated protein C resistance,6
"developmental and epileptic encephalopathy, 41",6
Hermansky-Pudlak syndrome 3,6
glycogen storage disease IXb,6
ectodermal dysplasia WNT10A related,6
COG7-congenital disorder of glycosylation,6
Renpenning syndrome,6
nemaline myopathy 9,6
Charcot-Marie-Tooth disease axonal type 2N,6
cerebellar dysfunction with variable cognitive and behavioral abnormalities,6
osteogenesis imperfecta type 3,6
maleylacetoacetate isomerase deficiency,6
congenital high-molecular-weight kininogen deficiency,6
Hermansky-Pudlak syndrome 4,6
LRP5-related exudative vitreoretinopathy,6
neurodevelopmental disorder with cerebellar atrophy and with or without seizures,6
thrombophilia due to thrombin defect,6
genitourinary and/or brain malformation syndrome,6
medulloblastoma,6
familial hemophagocytic lymphohistiocytosis 3,6
"macrothrombocytopenia, isolated",6
immunodeficiency 76,6
orofaciodigital syndrome type 14,6
"surfactant metabolism dysfunction, pulmonary, 4",6
familial juvenile hyperuricemic nephropathy type 2,6
IMPG1-related recessive retinopathy,6
FLVCR1-related retinopathy with or without ataxia,6
ALG6-congenital disorder of glycosylation 1C,6
thrombocytopenia 2,6
congenital prothrombin deficiency,6
PRPH2-related retinopathy,6
"neurodevelopmental disorder with microcephaly, impaired language, and gait abnormalities",6
MEDNIK syndrome,6
COG4-congenital disorder of glycosylation,6
MYPN-related myopathy,6
Kabuki syndrome 2,6
severe combined immunodeficiency due to DCLRE1C deficiency,6
complex movement disorder with or without neurodevelopmental features,6
membranoproliferative glomerulonephritis,6
intellectual disability-obesity-brain malformations-facial dysmorphism syndrome,6
osteogenesis imperfecta type 1,6
"developmental and epileptic encephalopathy, 80",6
platelet-type bleeding disorder 11,6
CDH1-related diffuse gastric and lobular breast cancer syndrome,6
lymphatic malformation 1,6
open-angle glaucoma,6
Tay-Sachs disease,6
Hermansky-Pudlak syndrome 1,6
neonatal severe primary hyperparathyroidism,6
primary ciliary dyskinesia 16,6
overgrowth syndrome and/or cerebral malformations due to abnormalities in MTOR pathway genes,6
2-aminoadipic 2-oxoadipic aciduria,6
metatropic dysplasia,6
RNASEH2A-related type 1 interferonopathy,6
immunodeficiency 18,6
T-B+ severe combined immunodeficiency due to gamma chain deficiency,6
Chediak-Higashi syndrome,6
"renal tubular acidosis, distal, 2, with progressive sensorineural hearing loss",6
xeroderma pigmentosum group B,6
PHARC syndrome,6
porphyria due to ALA dehydratase deficiency,6
melanoma-pancreatic cancer syndrome,6
"cerebellar, ocular, craniofacial, and genital syndrome",6
oculocutaneous albinism type 1,6
mosaic variegated aneuploidy syndrome 2,6
FANCM Fanconi-like genomic instability disorder,6
arrhythmogenic cardiomyopathy with variable ectodermal abnormalities,6
PLD1-related congenital heart disease,6
myopathy caused by variation in POMGNT2,6
severe combined immunodeficiency due to CTPS1 deficiency,6
multiple endocrine neoplasia type 4,6
muscular dystrophy-dystroglycanopathy,6
idiopathic multidrug-resistant nephrotic syndrome,6
intellectual developmental disorder with speech delay and axonal peripheral neuropathy,6
encephalopathy due to mitochondrial and peroxisomal fission defect,6
PTEN hamartoma tumor syndrome,6
X-linked hereditary sensory and autonomic neuropathy with hearing loss,6
obsolete sickle cell disease and related diseases,6
autosomal recessive spinocerebellar ataxia 20,6
primary ciliary dyskinesia 32,6
desmosterolosis,6
SEC61A1 deficiency,6
"ciliary dyskinesia, primary, 54",6
Perlman syndrome,6
"developmental delay with short stature, dysmorphic facial features, and sparse hair",6
"thrombocytopenia, anemia, and myelofibrosis",6
purine nucleoside phosphorylase deficiency,6
immunodeficiency-centromeric instability-facial anomalies syndrome 2,6
HBA1-related alpha thalassemia spectrum,6
3-hydroxy-3-methylglutaric aciduria,6
tumor predisposition syndrome 2,6
factor VII deficiency,6
platelet-type bleeding disorder 17,6
primary ciliary dyskinesia 30,6
severe combined immunodeficiency due to CORO1A deficiency,6
autosomal recessive osteopetrosis 2,6
dopa-responsive dystonia due to sepiapterin reductase deficiency,6
osteoglophonic dysplasia,6
BH4-deficient hyperphenylalaninemia A,6
glycosylphosphatidylinositol biosynthesis defect 17,6
Fanconi anemia complementation group N,6
hypercoagulability syndrome due to glycosylphosphatidylinositol deficiency,6
spastic tetraplegia-thin corpus callosum-progressive postnatal microcephaly syndrome,6
xeroderma pigmentosum group E,6
osteogenesis imperfecta type 2,6
DHDDS-CDG,6
Loeys-Dietz syndrome,5
RD3-related retinopathy,5
telomere syndrome,5
familial long QT syndrome,5
GLUT1 deficiency syndrome,5
mucopolysaccharidosis type 6,5
ALG3-congenital disorder of glycosylation,5
obsolete antenatal Bartter syndrome,5
autosomal recessive spinocerebellar ataxia 10,5
Gaucher disease,5
Cockayne syndrome type 1,5
autosomal recessive cutis laxa type 2A,5
xeroderma pigmentosum group D,5
COG1-congenital disorder of glycosylation,5
biotinidase deficiency,5
Hermansky-Pudlak syndrome 9,5
microcephaly and chorioretinopathy 1,5
combined PSAP deficiency,5
Stickler syndrome,5
"neurodevelopmental disorder with cardiomyopathy, spasticity, and brain abnormalities",5
spondyloepimetaphyseal dysplasia-short limb-abnormal calcification syndrome,5
congenital hypothalamic hamartoma syndrome,5
cone-rod dystrophy 18,5
foveal hypoplasia - optic nerve decussation defect - anterior segment dysgenesis syndrome,5
ALG12-congenital disorder of glycosylation,5
BBS7-related ciliopathy,5
agammaglobulinemia,5
hemoglobin M disease,5
3-methylglutaconic aciduria type 9,5
Wolfram-like syndrome,5
congenital factor X deficiency,5
diffuse cerebral and cerebellar atrophy - intractable seizures - progressive microcephaly syndrome,5
mulibrey nanism,5
nemaline myopathy 5,5
"leukodystrophy, hypomyelinating, 17",5
"microcephaly 2, primary, autosomal recessive, with or without cortical malformations",5
congenital disorder of glycosylation with defective fucosylation 2,5
Griscelli syndrome type 1,5
MECOM-associated syndrome,5
BBS4-related ciliopathy,5
combined immunodeficiency due to STK4 deficiency,5
Troyer syndrome,5
leukoencephalopathy with vanishing white matter 5,5
autoinflammatory syndrome with immunodeficiency,5
congenital bile acid synthesis defect 1,5
platelet-type bleeding disorder 8,5
oculopharyngodistal myopathy 1,5
congenital myopathy with myasthenic-like onset,5
branched-chain keto acid dehydrogenase kinase deficiency,5
hyperphosphatasia with intellectual disability syndrome 5,5
atypical glycine encephalopathy,5
nemaline myopathy 10,5
renal-hepatic-pancreatic dysplasia 2,5
Norrie disease,5
nevoid basal cell carcinoma syndrome,5
combined immunodeficiency,5
severe motor and intellectual disabilities-sensorineural deafness-dystonia syndrome,5
isolated sulfite oxidase deficiency,5
Charcot-Marie-Tooth disease type 4B2,5
X-linked reticulate pigmentary disorder,5
thrombomodulin-related bleeding disorder,5
obsolete lethal restrictive dermopathy,5
DDOST-congenital disorder of glycosylation,5
recurrent infections associated with rare immunoglobulin isotypes deficiency,5
"macrothrombocytopenia, isolated, 1, autosomal dominant",5
intestinal polyposis syndrome,5
methemoglobinemia type 4,5
Saethre-Chotzen syndrome,5
RIN2 syndrome,5
Jaberi-Elahi syndrome,5
microcephalic osteodysplastic primordial dwarfism type II,5
autosomal dominant epilepsy with auditory features,5
Fanconi anemia complementation group L,5
"platyspondylic dysplasia, Torrance type",5
"encephalopathy, progressive, with amyotrophy and optic atrophy",5
atelosteogenesis type II,5
ACTN2-related cardiac and skeletal myopathy,5
"neuropathy, hereditary sensory, type 1D",5
Charcot-Marie-Tooth disease type 4B3,5
heme oxygenase 1 deficiency,5
"glaucoma 3, primary congenital, D",5
homocystinuria due to methylene tetrahydrofolate reductase deficiency,5
"agammaglobulinemia 3, autosomal recessive",5
immunodeficiency 11b with atopic dermatitis,5
Treacher Collins syndrome 4,5
immunodeficiency 63 with lymphoproliferation and autoimmunity,5
"autosomal recessive optic atrophy, OPA7 type",5
Wiskott-Aldrich syndrome,5
cystinosis,5
erythrokeratodermia variabilis et progressiva 4,5
Cenani-Lenz syndactyly syndrome,5
pyridoxal phosphate-responsive seizures,5
autoimmune polyendocrine syndrome type 1,5
thrombocythemia 1,5
"ciliary dyskinesia, primary, 42",5
hyperphenylalaninemia due to DNAJC12 deficiency,5
Fanconi anemia complementation group F,5
nephronophthisis 16,5
Charcot-Marie-Tooth disease type 4,5
frontotemporal dementia and/or amyotrophic lateral sclerosis 3,5
X-linked myotubular myopathy,5
combined immunodeficiency due to LRBA deficiency,5
"T-cell immunodeficiency, congenital alopecia, and nail dystrophy",5
short-rib thoracic dysplasia 7 with or without polydactyly,5
Majeed syndrome,5
CPOX-related hereditary coproporphyria,5
prolidase deficiency,5
Hermansky-Pudlak syndrome 8,5
"malignant hyperthermia, susceptibility to, 1",5
Jalili syndrome,5
pseudoachondroplasia,5
combined immunodeficiency due to STIM1 deficiency,5
autosomal agammaglobulinemia,5
"Ehlers-Danlos syndrome, cardiac valvular type",5
NTHL1-deficiency tumor predisposition syndrome,5
multisystemic smooth muscle dysfunction syndrome,5
congenital myasthenic syndrome 7,5
hypomyelinating leukodystrophy 2,5
autoimmune lymphoproliferative syndrome type 1,5
craniosynostosis and dental anomalies,5
hyperprolinemia type 2,5
oculoauricular syndrome,4
Fanconi anemia complementation group P,4
rhabdoid tumor predisposition syndrome 2,4
SRD5A3-congenital disorder of glycosylation,4
"peripheral neuropathy, autosomal recessive, with or without impaired intellectual development",4
"congenital disorder of glycosylation, type Iw, autosomal dominant",4
Legius syndrome,4
hydroxyprolinemia,4
"hyper-IgE recurrent infection syndrome 5, autosomal recessive",4
camptodactyly-arthropathy-coxa vara-pericarditis syndrome,4
SNRNP200-related dominant retinopathy,4
obsolete autosomal recessive hereditary demyelinating motor and sensory neuropathy,4
autosomal recessive cutis laxa type 2D,4
congenital thrombotic thrombocytopenic purpura,4
primary ciliary dyskinesia 20,4
IL10-related early-onset inflammatory bowel disease,4
granulocytopenia with immunoglobulin abnormality,4
inflammatory bowel disease 25,4
ATP6AP2-related disorder,4
neonatal-onset encephalopathy with rigidity and seizures,4
FAT4-related neurodevelopmental disorder,4
"neurodevelopmental disorder with microcephaly, epilepsy, and brain atrophy",4
Oguchi disease,4
PDE6C-related retinopathy,4
bile acid CoA:amino acid N-acyltransferase deficiency,4
choanal atresia-hearing loss-cardiac defects-craniofacial dysmorphism syndrome,4
"skeletal dysplasia, mild, with joint laxity and advanced bone age",4
maturity-onset diabetes of the young type 8,4
Charcot-Marie-Tooth disease type 2,4
systemic primary carnitine deficiency disease,4
maple syrup urine disease type 1B,4
severe combined immunodeficiency due to CARD11 deficiency,4
hypomyelinating leukodystrophy 3,4
pycnodysostosis,4
hereditary leiomyomatosis and renal cell cancer,4
spermatogenic failure 56,4
Ritscher-Schinzel syndrome 1,4
combined immunodeficiency due to moesin deficiency,4
Danon disease,4
"focal segmental glomerulosclerosis 3, susceptibility to",4
"immunodeficiency 114, folate-responsive",4
Hermansky-Pudlak syndrome 7,4
ALG2-congenital disorder of glycosylation,4
congenital myasthenic syndrome 10,4
"agammaglobulinemia 4, autosomal recessive",4
Mowat-Wilson syndrome,4
"chondrodysplasia with joint dislocations, gPAPP type",4
Denys-Drash syndrome,4
LZTFL1-related ciliopathy,4
congenital disorder of deglycosylation 2,4
"dyskeratosis congenita, autosomal recessive 2",4
congenital muscular dystrophy with intellectual disability and severe epilepsy,4
methemoglobinemia due to deficiency of methemoglobin reductase,4
primary ciliary dyskinesia 22,4
myopathy caused by variation in FKRP,4
MEGF10-related myopathy,4
"ciliary dyskinesia, primary, 38",4
Fanconi anemia complementation group D2,4
methylmalonic acidemia,4
pancreatic agenesis 1,4
"surfactant metabolism dysfunction, pulmonary, 5",4
van Maldergem syndrome,4
spinocerebellar ataxia type 2,4
RAB23-related Carpenter syndrome,4
hyper-IgM syndrome type 1,4
CACNA2D4-related retinopathy,4
primary ciliary dyskinesia 18,4
hyaline fibromatosis syndrome,4
Fanconi anemia complementation group D1,4
gnathodiaphyseal dysplasia,4
band heterotopia of brain,4
"spinocerebellar ataxia, autosomal recessive 27",4
"agammaglobulinemia 2, autosomal recessive",4
ATR-X-related syndrome,4
"arthrogryposis, renal dysfunction, and cholestasis 1",4
"neurodevelopmental disorder with spasticity, seizures, and brain abnormalities",4
Elsahy-Waters syndrome,4
primary ciliary dyskinesia 34,4
Scott syndrome,4
microcephaly 6 with or without short stature,4
PDE6A-related retinopathy,4
hypogonadotropic hypogonadism 4 with or without anosmia,4
Liddle syndrome,4
autoimmune disease,4
Joubert syndrome 24,4
asphyxiating thoracic dystrophy 2,4
Lichtenstein-Knorr syndrome,4
short-rib thoracic dysplasia 16 with or without polydactyly,4
CHRNG-associated hypo-akinesia disorder of prenatal onset,4
UROD-related inherited porphyria,4
Friedreich ataxia,4
congenital plasminogen activator inhibitor type 1 deficiency,4
"congenital disorder of glycosylation, type iit",4
"neuronopathy, distal hereditary motor, type 7A",4
"microcephaly with or without chorioretinopathy, lymphedema, or intellectual disability",4
intellectual disability-strabismus syndrome,4
TOR1AIP1-related multisystem disorder,4
immunodeficiency 25,4
nephronophthisis 1,4
Glanzmann thrombasthenia,4
hyper-IgM syndrome type 5,4
BBS10-related ciliopathy,4
mandibular hypoplasia-deafness-progeroid syndrome,4
optic atrophy 3,4
congenital brain dysgenesis due to glutamine synthetase deficiency,4
COG6-congenital disorder of glycosylation,4
Rothmund-Thomson syndrome,4
"methylmalonic aciduria, cblB type",4
BBS9-related ciliopathy,4
"myopathy, centronuclear, 6, with fiber-type disproportion",4
Meier-Gorlin syndrome 2,4
CHARGE syndrome,4
hereditary sensory and autonomic neuropathy type 6,4
"periventricular heterotopia with microcephaly, autosomal recessive",4
"tumoral calcinosis, hyperphosphatemic, familial, 1",4
FZD4-related exudative vitreoretinopathy,4
severe combined immunodeficiency due to CD70 deficiency,4
multiple congenital anomalies-hypotonia-seizures syndrome 1,4
"congenital disorder of glycosylation, type 2v",4
Jervell and Lange-Nielsen syndrome,4
"Charcot-Marie-tooth disease, axonal, type 2DD",4
"nephrotic syndrome, type 18",4
congenital myasthenic syndrome 12,4
bone marrow failure syndrome 4,4
familial hypobetalipoproteinemia 2,4
nephronophthisis-like nephropathy 1,4
MEND syndrome,4
familial hyperreninemic hypoaldosteronism type 2,4
methylmalonic aciduria and homocystinuria type cblF,4
congenital factor V deficiency,4
RLBP1-related retinopathy,4
Siddiqi syndrome,4
neutropenia,4
hereditary von Willebrand disease,4
campomelic dysplasia,4
complex neurodevelopmental disorder with motor features,4
"Aarskog-Scott syndrome, X-linked",4
muscle-eye-brain disease,4
non-severe combined immunodeficiency due to polymerase delta deficiency,4
immunodeficiency 87 and autoimmunity,4
RPE65-related recessive retinopathy,3
"hearing loss, autosomal recessive",3
Krabbe disease,3
"factor XIII, b subunit, deficiency of",3
obsolete St√ºve-Wiedemann syndrome,3
hereditary ataxia,3
Barth syndrome,3
Waardenburg syndrome type 4C,3
arterial tortuosity syndrome,3
hypervalinemia and hyperleucine-isoleucinemia,3
immunodeficiency 37,3
"structural congenital heart disease, multiple types - GATA4",3
maple syrup urine disease type 1A,3
"hypotonia, ataxia, and delayed development syndrome",3
NIK deficiency,3
amyotrophic lateral sclerosis type 23,3
cytosolic phospholipase-A2 alpha deficiency associated bleeding disorder,3
"hearing loss, autosomal recessive 119",3
IKBKG-related immunodeficiency with or without ectodermal dysplasia,3
"dyskeratosis congenita, autosomal dominant 1",3
"hyper-IgE syndrome 6, autosomal dominant, with recurrent infections",3
"muscular dystrophy-dystroglycanopathy (congenital with brain and eye anomalies), type A13",3
thrombocytopenia 4,3
hereditary mixed polyposis syndrome,3
BMP4-related ocular growth disorder,3
WHIM syndrome,3
Charcot-Marie-Tooth disease axonal type 2P,3
frontotemporal dementia and/or amyotrophic lateral sclerosis 4,3
primary immunodeficiency with natural-killer cell deficiency and adrenal insufficiency,3
"neuronopathy, distal hereditary motor, autosomal dominant",3
geroderma osteodysplastica,3
platelet-type bleeding disorder 12,3
inflammatory bowel disease 28,3
"immunodeficiency, common variable, 4",3
Silverman-Handmaker type dyssegmental dysplasia,3
Bartsocas-Papas syndrome 2,3
syndromic X-linked intellectual disability Raymond type,3
pyruvate kinase deficiency of red cells,3
brachyolmia,3
RIDDLE syndrome,3
amyotrophic lateral sclerosis type 19,3
glycine N-methyltransferase deficiency,3
X-linked distal spinal muscular atrophy type 3,3
COL1A2-related Ehlers-Danlos syndrome,3
hydrolethalus syndrome,3
focal epilepsy,3
"Ehlers-Danlos syndrome, arthrochalasia type",3
Hartnup disease,3
Krabbe disease due to saposin A deficiency,3
deafness dystonia syndrome,3
citrullinemia type I,3
maple syrup urine disease,3
"nephrotic syndrome, type 19",3
glycosylphosphatidylinositol biosynthesis defect 21,3
PROM1-related recessive retinopathy,3
Cockayne spectrum with or without cerebrooculofacioskeletal syndrome,3
Nestor-Guillermo progeria syndrome,3
retinoblastoma,3
dentinogenesis imperfecta,3
COL2A1-related spondyloepiphyseal dysplasia,3
"immunodeficiency 14b, autosomal recessive",3
amelogenesis imperfecta,3
RNASEH2B-related type 1 interferonopathy,3
lysinuric protein intolerance,3
BBS1-related ciliopathy,3
"protoporphyria, erythropoietic, 1",3
"lung disease, immunodeficiency, and chromosome breakage syndrome;",3
obsolete infantile hypophosphatasia,3
primary ciliary dyskinesia 10,3
obsolete syndromic genetic hearing loss,3
osteopathia striata with cranial sclerosis,3
Dias-Logan syndrome,3
Fanconi anemia complementation group B,3
severe combined immunodeficiency,3
parietal foramina,3
Bjornstad syndrome,3
colorectal cancer,3
Brooke-Spiegler syndrome,3
"megalencephalic leukoencephalopathy with subcortical cysts 2B, remitting, with or without intellectual disability",3
primary ciliary dyskinesia 19,3
long QT syndrome 5,3
thrombocytopenia 6,3
"vertebral, cardiac, renal, and limb defects syndrome 1",3
progressive encephalopathy with leukodystrophy due to DECR deficiency,3
cerebellar ataxia,3
xeroderma pigmentosum group G,3
palmoplantar keratoderma-esophageal carcinoma syndrome,3
sterol carrier protein 2 deficiency,3
isolated growth hormone deficiency type III,3
"ciliary dyskinesia, primary, 41",3
MEHMO syndrome,3
methylmalonate semialdehyde dehydrogenase deficiency,3
Bardet-Biedl syndrome 16,3
cone-rod dystrophy 2,3
"nephrotic syndrome, type 8",3
hereditary peripheral neuropathy,3
nephronophthisis,3
short-rib thoracic dysplasia 8 with or without polydactyly,3
PRKAG2-related cardiomyopathy,3
COL1A2-related osteogenesis imperfecta,3
Brunner syndrome,3
brain small vessel disease 3,3
Silver-Russell syndrome 5,3
"neuropathy, hereditary sensory and autonomic, type 1C",3
glycogen storage disease due to muscle and heart glycogen synthase deficiency,3
Fraser syndrome 3,3
"myopathy, myofibrillar, 9, with early respiratory failure",3
immunodeficiency disease,3
susceptibility to respiratory infections associated with CD8alpha chain mutation,3
"neuropathy, hereditary sensory, type 1F",3
"ciliary dyskinesia, primary, 48, without situs inversus",3
platelet-type bleeding disorder 20,3
movement disorder,3
Griscelli syndrome type 2,3
nephronophthisis 7,3
generalized epilepsy-paroxysmal dyskinesia syndrome,3
acyl-CoA binding domain containing protein 5 deficiency,3
"pulmonary fibrosis and/or bone marrow failure, telomere-related, 5",3
TTLL5-related retinopathy,3
spondyloperipheral dysplasia,3
erythrokeratodermia variabilis,3
"ciliary dyskinesia, primary, 49, without situs inversus",3
immunodeficiency 81,3
TCR-alpha-beta-positive T-cell deficiency,3
Wiskott-Aldrich syndrome 2,3
STT3A-congenital disorder of glycosylation,3
hereditary thrombophilia due to congenital histidine-rich (poly-L) glycoprotein deficiency,3
ventriculomegaly and arthrogryposis,3
cleft lip/palate-ectodermal dysplasia syndrome,3
craniosynostosis 2,3
glutaryl-CoA dehydrogenase deficiency,3
immunodeficiency 115 with autoinflammation,3
PROM1-related dominant retinopathy,3
short-rib thoracic dysplasia 19 with or without polydactyly,3
xeroderma pigmentosum group C,3
obsolete DPH5-related diphthamide-deficiency syndrome,3
"agammaglobulinemia 6, autosomal recessive",3
methylcobalamin deficiency type cblE,3
Nijmegen breakage syndrome,2
Frank-Ter Haar syndrome,2
transcobalamin II deficiency,2
atypical hemolytic-uremic syndrome with B factor anomaly,2
Sweeney-Cox syndrome,2
Joubert syndrome,2
ADAM9-related retinopathy,2
CNGB3-related retinopathy,2
T-cell immunodeficiency,2
Hermansky-Pudlak syndrome 10,2
autosomal recessive cutis laxa type 2C,2
spinocerebellar ataxia type 13,2
MEGF8-related Carpenter syndrome,2
immunodeficiency 84,2
renal hypomagnesemia 3,2
BBS12-related ciliopathy,2
"agammaglobulinemia 7, autosomal recessive",2
autosomal dominant osteopetrosis 2,2
extraoral halitosis due to methanethiol oxidase deficiency,2
Fanconi anemia complementation group C,2
Hermansky-Pudlak syndrome 11,2
nemaline myopathy,2
polycystic liver disease 1,2
BRCA2-related cancer predisposition,2
dystonia 27,2
3-hydroxyisobutyric aciduria,2
craniofrontonasal syndrome,2
"cutis laxa, autosomal dominant 1",2
immunodeficiency 122,2
TWIST1-related craniosynostosis,2
"spondyloepimetaphyseal dysplasia with joint laxity, type 3",2
autosomal recessive osteopetrosis 1,2
polycystic liver disease 4 with or without kidney cysts,2
camptodactyly-tall stature-scoliosis-hearing loss syndrome,2
SIN3A-related intellectual disability syndrome,2
focal dermal hypoplasia,2
"factor 5 and Factor VIII, combined deficiency of, 2",2
interstitial lung disease 1,2
IDH3B-related retinopathy,2
trichohepatoenteric syndrome 2,2
Fanconi anemia complementation group O,2
"neuroblastoma, susceptibility to, 3",2
Bamforth-Lazarus syndrome,2
cardiogenetic disease,2
C3 glomerulonephritis,2
"developmental and epileptic encephalopathy, 55",2
glutaminase deficiency,2
myopathy caused by variation in CRPPA,2
INTU-related skeletal ciliopathy,2
hemophilia B,2
spermatogenic failure 19,2
Fraser syndrome,2
SOX3-related X-linked pituitary hormone deficiency with or without intellectual developmental disorder,2
CNGA1-related retinopathy,2
thrombocytopenia 3,2
combined immunodeficiency due to RELA haploinsufficiency,2
"neuropathy, hereditary sensory and autonomic, type 2A",2
osteogenesis imperfecta type 4,2
sulfite oxidase deficiency due to molybdenum cofactor deficiency type A,2
"onychodystrophy, osteodystrophy, impaired intellectual development, and seizures syndrome",2
"palmoplantar keratoderma, Bothnian type",2
CYP1B1-related glaucoma with or without anterior segment dysgenesis,2
iminoglycinuria,2
spermatogenic failure 27,2
exfoliative ichthyosis,2
"ciliary dyskinesia, primary, 53",2
sessile serrated polyposis cancer syndrome,2
MERTK-related retinopathy,2
Stankiewicz-Isidor syndrome,2
cone-rod dystrophy 20,2
inclusion body myopathy with early-onset Paget disease with or without frontotemporal dementia 2,2
Vici syndrome,2
obsolete childhood hypophosphatasia,2
congenital generalized lipodystrophy type 3,2
retinitis pigmentosa 27,2
cardiofacioneurodevelopmental syndrome,2
severe intellectual disability-progressive spastic diplegia syndrome,2
"bleeding disorder, platelet-type, 21",2
immunodeficiency 73b with defective neutrophil chemotaxis and lymphopenia,2
radioulnar synostosis with amegakaryocytic thrombocytopenia 1,2
Khan-Khan-Katsanis syndrome,2
Meier-Gorlin syndrome 3,2
BAP1-related tumor predisposition syndrome,2
hereditary spherocytosis,2
"ciliary dyskinesia, primary, 39",2
autosomal dominant cerebellar ataxia,2
obsolete axonal hereditary motor and sensory neuropathy,2
"immunodeficiency, common variable, 1",2
immunodeficiency 80 with or without congenital cardiomyopathy,2
CDKL5 disorder,2
lissencephaly spectrum disorders,2
hereditary chronic pancreatitis,2
frontorhiny,2
hereditary spastic paraplegia 8,2
"IFAP syndrome 1, with or without BRESHECK syndrome",2
NOTCH1-related AOS spectrum disorder,2
"hyperthyroxinemia, familial dysalbuminemic",2
spondylometaphyseal dysplasia,2
severe combined immunodeficiency due to LAT deficiency,2
primary ciliary dyskinesia 13,2
Ritscher-Schinzel syndrome 2,2
congenital myasthenic syndrome 2C,2
sinoatrial node dysfunction and deafness,2
immunodeficiency 97 with autoinflammation,2
RPE65-related dominant retinopathy,2
MAN2B2 deficiency,2
CNGB1-related retinopathy,2
primary ciliary dyskinesia 27,2
mucopolysaccharidosis type 9,2
frontotemporal dementia and/or amyotrophic lateral sclerosis 2,2
optic atrophy 15,2
POLE-related polyposis and colorectal cancer syndrome,2
"microphthalmia, syndromic 12",2
Schaaf-Yang syndrome,2
sulfite oxidase deficiency due to molybdenum cofactor deficiency type C,2
COMP-related skeletal dysplasia,2
severe combined immunodeficiency due to LCK deficiency,2
autosomal dominant slowed nerve conduction velocity,2
ALPL-related autosomal recessive hypophosphatasia,2
frontotemporal dementia and/or amyotrophic lateral sclerosis,2
X-linked syndromic complex neurodevelopmental disorder,2
"colorectal cancer, hereditary nonpolyposis, type 7",2
Perrault syndrome 2,2
early-onset parkinsonism-intellectual disability syndrome,2
fatty acyl-CoA reductase 1 deficiency,2
optic atrophy 13 with retinal and foveal abnormalities,2
Meier-Gorlin syndrome 5,2
urocanic aciduria,2
"inflammatory bowel disease, immunodeficiency, and encephalopathy",2
Usher syndrome type 2,2
oculocutaneous albinism type 2,2
dyschromatosis universalis hereditaria 3,2
hypotaurinemic retinal degeneration and cardiomyopathy,2
diencephalic-mesencephalic junction dysplasia syndrome 2,2
glycosylphosphatidylinositol biosynthesis defect 16,2
methylmalonic acidemia due to transcobalamin receptor defect,2
"maple syrup urine disease, mild variant",2
Smith-Lemli-Opitz syndrome,2
PRPF8-related retinopathy,2
hyperbiliverdinemia,2
"ciliary dyskinesia, primary, 52",2
non-syndromic intellectual disability,2
bradyopsia,1
infantile convulsions and choreoathetosis,1
SATB2 associated disorder,1
TRPV4-related bone disorder,1
Marfan syndrome,1
nanophthalmos 4,1
Pendred syndrome,1
amyotrophic lateral sclerosis type 6,1
neuralgic amyotrophy,1
"congenital disorder of glycosylation, type IIq",1
inborn glycerol kinase deficiency,1
"ectodermal dysplasia 12, hypohidrotic/hair/tooth/nail type",1
ornithine carbamoyltransferase deficiency,1
"arterial calcification, generalized, of infancy, 1",1
primary ciliary dyskinesia 35,1
Fanconi anemia complementation group G,1
primary ciliary dyskinesia 24,1
obsolete Birt-Hogg-Dube syndrome,1
GPR179-related retinopathy,1
primary ciliary dyskinesia 17,1
"B-cell immunodeficiency, distal limb anomalies, and urogenital malformations",1
multiple endocrine neoplasia type 1,1
autosomal recessive cutis laxa type 2B,1
recessive dystrophic epidermolysis bullosa,1
normophosphatemic familial tumoral calcinosis,1
polycystic liver disease 2,1
immunodeficiency 53,1
congenital fibrosis of extraocular muscles,1
Baraitser-winter syndrome 2,1
glomerulopathy with fibronectin deposits 2,1
Teebi hypertelorism syndrome 2,1
IMPG1-related dominant retinopathy,1
Haddad syndrome,1
"vitamin K-dependent clotting factors, combined deficiency of, type 2",1
spondyloepiphyseal dysplasia with metatarsal shortening,1
Roberts-SC phocomelia syndrome,1
"cleft palate with or without ankyloglossia, X-linked",1
"nephrotic syndrome, type 21",1
hearing loss disorder,1
Clouston syndrome,1
Sotos syndrome,1
immunodeficiency 92,1
"ciliary dyskinesia, primary, 50",1
visceral heterotaxy,1
BEST1-related dominant retinopathy,1
immunodeficiency-centromeric instability-facial anomalies syndrome 3,1
immunodeficiency-centromeric instability-facial anomalies syndrome 4,1
"gaze palsy, familial horizontal, with progressive scoliosis 1",1
progressive pseudorheumatoid arthropathy of childhood,1
anterior segment dysgenesis 3,1
RDH12-related dominant retinopathy,1
"pulmonary fibrosis and/or bone marrow failure syndrome, telomere-related, 9",1
nemaline myopathy 2,1
retinitis pigmentosa 18,1
primordial dwarfism-immunodeficiency-lipodystrophy syndrome,1
ELOVL4-related maculopathy,1
BARD1-related cancer predisposition,1
auriculocondylar syndrome 2,1
Seckel syndrome 10,1
sulfite oxidase deficiency due to molybdenum cofactor deficiency type B,1
"factor V and factor VIII, combined deficiency of, type 1",1
NF2-related schwannomatosis,1
CEP164-related ciliopathy,1
Joubert syndrome 21,1
"telangiectasia, hereditary hemorrhagic, type 1",1
congenital disorder of glycosylation with defective fucosylation 1,1
Warsaw breakage syndrome,1
anterior segment dysgenesis 7,1
polymicrogyria with optic nerve hypoplasia,1
beta-thalassemia HBB/LCRB,1
tibial muscular dystrophy,1
"ciliary dyskinesia, primary, 37",1
ADNP-related multiple congenital anomalies - intellectual disability - autism spectrum disorder,1
long chain acyl-CoA dehydrogenase deficiency,1
spermatogenic failure 38,1
multiple endocrine neoplasia type 2A,1
nemaline myopathy 6,1
Usher syndrome type 1,1
"arthrogryposis, renal dysfunction, and cholestasis 2",1
inherited neurodegenerative disorder,1
TNF receptor 1-associated periodic fever syndrome,1
"immunodeficiency, common variable, 7",1
CAPN5-related vitreoretinopathy,1
"autoinflammation, immune dysregulation, and eosinophilia",1
spermatogenic failure 46,1
"malignant hyperthermia, susceptibility to, 5",1
dicarboxylic aminoaciduria,1
"sick sinus syndrome 2, autosomal dominant",1
Kennedy disease,1
IMPDH1-related retinopathy,1
KIZ-related retinopathy,1
RASopathy,1
Sandhoff disease,1
primary ciliary dyskinesia 9,1
"hypoproteinemia, hypercatabolic",1
"obsolete neuronopathy, distal hereditary motor",1
TREX1-related type 1 interferonopathy,1
